timestamp,action,username,details
2026-06-06T15:34:34.821702600,LOGIN,admin,
2026-06-06T15:34:45.981598700,JOIN_ROOM,admin,"roomId=1, roomName=General"
2026-06-06T15:34:52.569634900,SEND_MESSAGE,admin,"roomId=1, messageId=1"
2026-06-06T15:35:29.519652200,SEND_MESSAGE,admin,"roomId=1, messageId=2"
2026-06-06T16:19:35.499084700,LOGIN,ana,
2026-06-06T16:21:41.188139800,LOGIN,admin,
2026-06-06T16:21:53.442362900,JOIN_ROOM,admin,"roomId=1, roomName=General"
2026-06-06T16:22:07.986356200,JOIN_ROOM,ana,"roomId=1, roomName=General"
2026-06-06T16:22:15.079972200,SEND_MESSAGE,ana,"roomId=1, messageId=3"
